Timestamp,Email Address,Course:,Batch,Name (In English),নাম (বাংলায়),Upload Recent Passport Size Photo ,Merit,Roll No.,Registration/Serial No.,NID/Birth Reg. No,Gender?,Marital status?,Date of birth,Class roll:,Present address:,Your contact number:,Father's Name,Father's occupation:,Mother's Name,Mother's occupation:,Father's contact number,Mother's contact number:,Family's monthly income (in Taka),Member of family (in Number)?,Do you need any financial aid for educational support?,"Do you have any source of income (e.g., tuition)?","If yes, please specify:",HSC background,SSC background,Do you need one to one mental support from a Counselor? ,Local Guardian's Name? (In Dhaka),Local Guardian's address:,Local guardian's contact number?,Your Permanent address:,Are you a member of College Library?,Resident of Hall?,Any co-curricular activities? ,Do you want to join any of the following club?,Height (in feet & inches),Weight in kg?,Do you wear eyeglasses / contact lenses?,Any chronic illness or major health conditions? (Write 'None' if NA) ,Blood group?,"Known Allergies (if any):  খাবার বা ওষুধে কোনো অ্যালার্জি আছে কি না (যেমন: Penicillin, Dust, Food allergies)। ",Emergency Medical Contact Number:  অসুস্থতার মতো জরুরি মুহূর্তে দ্রুত যোগাযোগের জন্য নম্বর। ,"Regular Medication:  নিয়মিত কোনো প্রেসক্রিপশন ওষুধ সেবন করতে হয় কি না (যেমন: Inhaler, Insulin ইত্যাদি)। ",Identification Mark (ঐচ্ছিক): 
8/20/2026 21:55:48,surovy8182@gmail.com,BUMS,37,Surovy Mony Tusto ,সুরভী মনি তুষ্ট,https://drive.google.com/open?id=1HDe8z9AKzs3wjxLB-yauqwocgkMofLqL,102,14,32998,3772598201,Female,Single (Never married),9/10/2006,,"Mirpur 2,Dhaka",01844963931,MD.Shahjamal,Business,MST.Suria Parvin,Housewife ,01820604654,01821245613,30000,5,No,No,,"College name: Mirpur Cantonment public school and College 
Passing year: 2024
Result: GPA 5","School name: Shohagpur Govt S. K. Pilot model high school 
Passing year: 2022
Result: GPA 5",No,MST: Suria Parvin,"Mirpur 2,Dhaka",01821245613,"Belkuchi, Sirajganj ",No,No,No,"Debating Club, Career & Skill development Club",5 feet 3 inch,72,No,None,O+,Dust Allergy,1821245613,None,
8/20/2026 21:56:32,rinkytasnim013@gmail.com,BAMS,37,Umme Mishat Tasnim Rinky ,উম্মে মিশাত তাসনিম রিংকি ,https://drive.google.com/open?id=1l5rby12xGInlQqP5qwFoRRlqOpctXfiG,105,17,32542,5582942016,Female,Single (Never married),1/1/2007,,"Mirpur 13, Dhaka",01318170729,Md. Monowarul Hoque Mridha Babur,Deceased/Late,Mst. Sufia Khatun,Home maker,01834101160,01731502264,12000,3,Yes,No,,"1. Rajshahi Govt. Women's College 
2.2024
3. GPA 5.00","1.Sardah Govt. Pilot High School 
2. 2022
3. GPA 5.00",Yes,Shahriar Shawn,Uttara Uttar ,01768121123,"Baneshwar, Puthia, Rajshahi ",No,Yes,Not yet,"Debating Club, Photographic Society, Cultural Club, Career & Skill development Club",5 feet 2 inch,63,yes,"Yes, Hydronephroses",A+,Yes,01731502264,"Yes, nebulizer or oxygen mask",
8/20/2026 22:35:32,sabihanur349@gmail.com,BUMS,37,Mst Sabiha Tun Nur ,মোসা: সাবিহা তুন নূর ,https://drive.google.com/open?id=1Kit1-O6SCMEAbF1j3Qjc1ay9BW7mOVCl,101,15,20,20054114741070404,Female,Single (Never married),10/12/2005,15,Jhumjhumpur jashore ,01575491344,MD Mijanur rohman ,Teacher/Academic,Hafija khatun ,Teacher ,01718802485,01763759091,25000,6,Maybe,Yes,It is becoming difficult for my father to pay for my education. ,"1.Hamidpur alhera college 
2.2024
3.4.92
","1.hamidpur secondary school 
2.2022
3.5.00",No,MD mijanur rohoman,Jashore ,01718802485,Jhumjhumpur jashore ,No,No,Nothing ,"Cultural Club, Career & Skill development Club",5 feet 1 inch,45,yes,No,B+,Food allergy and dust,01718802485,No,
8/21/2026 0:04:05,bushranazia10@gmail.com,BAMS,37,Bushra Nazia,বুশরা নাজীয়া,https://drive.google.com/open?id=11ZUoeHCHUDngkUDCkHRHuu9f3T6WTtbs,145,18,67276,20078517622030417,Female,Single (Never married),3/1/2007,18,"Baradargah,pirganj,rangpur",01840810117,Md.Abdul  Bari Khan,Teacher/Academic,Mst.Mahmuda Nasrin,Teacher,01840810117,01571597594,30000,6,Yes,No,,"Govt.Begum Rokeya College,Rangpur
2025
4.83","Barabari Boyez Uddin High School, Rangpur
2023
5.00",No,Khalamoni,"uttara,dhaka",01840810117,"Baradargah,pirganj,rangpur",No,No,No,Not interested,5 feet 3 inch,45,No,None,AB+,No,01840810117,none,Nai
8/21/2026 11:11:34,jakia3436@gmail.com,BAMS,37,Esrat Jahan Esha,ইসরাত জাহান ইশা ,https://drive.google.com/open?id=16mC3xGOtbfedfaJbfhu2AZkptyKkjRtm,75,09,67126,4679340648,Female,Single (Never married),1/5/2007,09,Mirpur 14,01783442005,Md.Jahidul Islam,Business,Jakia Sultana,Housewife ,01783442005,01718843825,30000,5,Yes,No,,"Parbatipur Adorsha college 
2024
GPA:5.00","Janankur pilot model high school 
2022
GPA:5.00",No,Nusrat jahan ,Shoriotpur,01303547554,"Parbatipur, Dinajpur ",Yes,No,No,Not interested,5 feet 2 inch,50,No,None,B+,No,01303547554,No,No
8/21/2026 11:13:23,tasnimbd983@gmail.com,BAMS,37,Saba Tasnim,সাবা তাসনিম ,https://drive.google.com/open?id=1yfbN3FWAxmWvYB3C6C8_X8yn-frQZE7w,138,19,67225,9172973118,Female,Single (Never married),11/7/2006,19,Mirpur 14,01741994559,Md. Mobarok hossian ,Doctor/Healthcare Professional,Rohima Nasmin,Housewife ,01684561381,01684561382,30000,5,No,No,,"Bhawal Badre Alom Government College 
2024
4.50","Joydebpur Government Girl's High School 
2022
5.00",No,Yes,Farmget,01610348360,"Harinal high school Road, Joydebpur, Gazipur ",Yes,No,No,Not interested,5 feet 1 inch,65,No,No,B+,No,01610348360,No,No
8/21/2026 11:36:31,reallytripura48@gmail.com,BAMS,37,Monareally Tripura ,মোনারিয়েলী এিপুরা ,https://drive.google.com/open?id=14_-ultVHzDSxZFxT8DKJ1orBMiKokN7O,338,08,32624,6031631879,Female,Single (Never married),2/23/2006,08,"Mirpur 13,Dhaka",01540532853,Kirti Ranjan Tripura ,Agriculture/Farming,Monalisa Tripura ,House wife,01893095491,01814504115,30000,4),No,No,,"Khagrachari Govt College, Passing year:2024, Result:3.92","Khagrachari Govt High School, passing year:2022, Result:4.44",No,Alina Tripura ,"Baipail,Dhaka",01533-087620,"Hadukapara, Khagrachhari, Khagrachhari Sadar",No,Yes,No,Not interested,5 feet 1 inch,43,yes,None,A+,No,01814504115,No,
8/21/2026 11:57:31,jannatara45671029@gmail.com,BUMS,37,Most. Jannatara khatun ,মোছাঃ জান্নাতারা খাতুন ,https://drive.google.com/open?id=1sYC1qJ_XPuvl5CXDhw8rAeylNRITBzKl,37,7,32496,20085213995062052,Female,Single (Never married),9/11/2008,07,"Mirpur 13, Dhaka",01703812335,MD. Monowar Hossen ,Deceased/Late,Most. Moksuda Begum ,House wife,01850235370,01762814507,20000,11,Yes,No,,"1.Tushvandar womens college 
2. 2025
3. 5.00","1. Dakshin Ghana Shyam School and College 
2. 2023
3. 5.00",Yes,Golam Mostofa,Bhaluka,01781183144,"Lalmonirhat, Rangpur ",No,Yes,No,Debating Club,4 feet 11 inch,40,No,None,A+,No,01781183144,No,